#Uploaded_variation	Location	Allele	Gene	Feature	Feature_type	Consequence	cDNA_position	CDS_position	Protein_position	Amino_acids	Codons	Existing_variation	IMPACT	DISTANCE	STRAND	FLAGS	PICK	VARIANT_CLASS	SYMBOL	SYMBOL_SOURCE	HGNC_ID	BIOTYPE	CANONICAL	MANE	TSL	APPRIS	CCDS	ENSP	SWISSPROT	TREMBL	UNIPARC	SOURCE	GENE_PHENO	SIFT	PolyPhen	EXON	INTRON	DOMAINS	miRNA	HGVSc	HGVSp	HGVS_OFFSET	AF	AFR_AF	AMR_AF	EAS_AF	EUR_AF	SAS_AF	AA_AF	EA_AF	gnomAD_AF	gnomAD_AFR_AF	gnomAD_AMR_AF	gnomAD_ASJ_AF	gnomAD_EAS_AF	gnomAD_FIN_AF	gnomAD_NFE_AF	gnomAD_OTH_AF	gnomAD_SAS_AF	MAX_AF	MAX_AF_POPS	CLIN_SIG	SOMATIC	PHENO	PUBMED	MOTIF_NAME	MOTIF_POS	HIGH_INF_POS	MOTIF_SCORE_CHANGE	Conservation	DANN	DANN_DANN	gnomADg	gnomADg_AF	gnomADg_AC	gnomADg_AN	gnomADg_AF_NFE	gnomAD3g	gnomAD3g_AF	gnomAD3g_AC	gnomAD3g_AN	gnomAD3g_AF_NFE	SpliceAI	SpliceAI_DS_AG	SpliceAI_DS_AL	SpliceAI_DS_DG	SpliceAI_DS_DL	SpliceAI_DP_AG	SpliceAI_DP_AL	SpliceAI_DP_DG	SpliceAI_DP_DL	MNM	MNM_AF	ClinVar	ClinVar_CLNSIG	ClinVar_CLNREVSTAT	ClinVar_CLNDN
chr1_34355487_G_A	chr1:34355487	A	-	-	-	intergenic_variant	-	-	-	-	-	rs141699070	MODIFIER	-	-	-	1	SNV	-	-	-	-	-	-	-	-	-	-	-	-	-	-	-	-	-	-	-	-	-	-	-	-	0.0098	0.0023	0.0389	0	0.0099	0.0092	-	-	-	-	-	-	-	-	-	-	-	0.0389	AMR	-	-	-	-	-	-	-	-	-10.700	chr1:34355487-34355487	0.70302	rs141699070	1.05052e-02	277	26368	1.77378e-02	rs141699070	9.51983e-03	1161	121956	-	-	-	-	-	-	-	-	-	-	chr1_34355487_G_A	0.011364	-	-	-	-
chr1_97895830_G_A	chr1:97895830	A	ENSG00000188641	ENST00000370192	Transcript	intron_variant	-	-	-	-	-	rs74563847	MODIFIER	-	-1	-	1	SNV	DPYD	HGNC	HGNC:3012	protein_coding	YES	-	1	P1	CCDS30777.1	ENSP00000359211	Q12882	-	UPI00000727C7	-	1	-	-	-	1/22	-	-	ENST00000370192.7:c.40-12456C>T	-	-	0.0020	0	0.0014	0	0.0089	0	-	-	-	-	-	-	-	-	-	-	-	0.0089	EUR	-	-	-	-	-	-	-	-	-3.620	-	-	rs74563847	6.94490e-03	214	30814	1.19159e-02	rs74563847	6.03785e-03	862	142766	-	-	-	-	-	-	-	-	-	-	-	-	-	-	-	-
chr1_97895830_G_A	chr1:97895830	A	-	ENSR00000928141	RegulatoryFeature	regulatory_region_variant	-	-	-	-	-	rs74563847	MODIFIER	-	-	-	1	SNV	-	-	-	promoter_flanking_region	-	-	-	-	-	-	-	-	-	-	-	-	-	-	-	-	-	-	-	-	0.0020	0	0.0014	0	0.0089	0	-	-	-	-	-	-	-	-	-	-	-	0.0089	EUR	-	-	-	-	-	-	-	-	-3.620	-	-	rs74563847	6.94490e-03	214	30814	1.19159e-02	rs74563847	6.03785e-03	862	142766	-	-	-	-	-	-	-	-	-	-	-	-	-	-	-	-
chr1_98109046_C_T	chr1:98109046	T	-	-	-	intergenic_variant	-	-	-	-	-	rs546386662	MODIFIER	-	-	-	1	SNV	-	-	-	-	-	-	-	-	-	-	-	-	-	-	-	-	-	-	-	-	-	-	-	-	0.0014	0	0.0014	0	0.006	0	-	-	-	-	-	-	-	-	-	-	-	0.006	EUR	-	-	-	-	-	-	-	-	0.016	-	-	rs546386662	6.34140e-03	196	30908	1.08638e-02	rs546386662	4.89641e-03	700	142962	-	-	-	-	-	-	-	-	-	-	chr1_98109046_C_T	0.011364	-	-	-	-
chr2_21016723_A_G	chr2:21016723	G	ENSG00000084674	ENST00000233242	Transcript	intron_variant	-	-	-	-	-	rs12713870	MODIFIER	-	-1	-	1	SNV	APOB	HGNC	HGNC:603	protein_coding	YES	-	1	P1	CCDS1703.1	ENSP00000233242	P04114	-	UPI0004620B75	-	1	-	-	-	20/28	-	-	ENST00000233242.5:c.3122-74T>C	-	-	0.0086	0.0015	0.0115	0.002	0.0239	0.0072	-	-	-	-	-	-	-	-	-	-	-	0.0239	EUR	-	-	-	-	-	-	-	-	-0.150	-	-	rs12713870	2.03402e-02	629	30924	3.01575e-02	chr2:21016723-21016723	2.10330e-02	3011	143156	-	-	-	-	-	-	-	-	-	-	-	-	-	-	-	-
chr2_26326683_C_A	chr2:26326683	A	ENSG00000173567	ENST00000333478	Transcript	intron_variant	-	-	-	-	-	rs34745920	MODIFIER	-	-1	-	1	SNV	ADGRF3	HGNC	HGNC:18989	protein_coding	-	-	5	P3	CCDS33159.2	ENSP00000327396	Q8IZF5	-	UPI00004C8007	-	-	-	-	-	1/11	-	-	ENST00000333478.10:c.115-9121G>T	-	-	0.2656	0.1899	0.2911	0.0238	0.4612	0.3978	-	-	-	-	-	-	-	-	-	-	-	0.4612	EUR	-	-	-	-	-	-	-	-	-0.431	-	-	rs34745920	3.76553e-01	11637	30904	4.75157e-01	rs34745920	3.73520e-01	53394	142948	-	-	-	-	-	-	-	-	-	-	chr2_26326683_C_A	0.477273	-	-	-	-
chr2_26326683_C_A	chr2:26326683	A	ENSG00000138018	ENST00000442141	Transcript	intron_variant	-	-	-	-	-	rs34745920	MODIFIER	-	1	cds_end_NF	1	SNV	SELENOI	HGNC	HGNC:29361	protein_coding	-	-	5	-	-	ENSP00000415280	-	C9JEZ2	UPI000173A486	-	1	-	-	-	1/4	-	-	ENST00000442141.5:c.-40+18026C>A	-	-	0.2656	0.1899	0.2911	0.0238	0.4612	0.3978	-	-	-	-	-	-	-	-	-	-	-	0.4612	EUR	-	-	-	-	-	-	-	-	-0.431	-	-	rs34745920	3.76553e-01	11637	30904	4.75157e-01	rs34745920	3.73520e-01	53394	142948	-	-	-	-	-	-	-	-	-	-	chr2_26326683_C_A	0.477273	-	-	-	-
chr2_26326683_C_A	chr2:26326683	A	-	ENSR00000114279	RegulatoryFeature	regulatory_region_variant	-	-	-	-	-	rs34745920	MODIFIER	-	-	-	1	SNV	-	-	-	promoter_flanking_region	-	-	-	-	-	-	-	-	-	-	-	-	-	-	-	-	-	-	-	-	0.2656	0.1899	0.2911	0.0238	0.4612	0.3978	-	-	-	-	-	-	-	-	-	-	-	0.4612	EUR	-	-	-	-	-	-	-	-	-0.431	-	-	rs34745920	3.76553e-01	11637	30904	4.75157e-01	rs34745920	3.73520e-01	53394	142948	-	-	-	-	-	-	-	-	-	-	chr2_26326683_C_A	0.477273	-	-	-	-
chr2_26330877_C_T	chr2:26330877	T	ENSG00000173567	ENST00000333478	Transcript	intron_variant	-	-	-	-	-	rs55733609	MODIFIER	-	-1	-	1	SNV	ADGRF3	HGNC	HGNC:18989	protein_coding	-	-	5	P3	CCDS33159.2	ENSP00000327396	Q8IZF5	-	UPI00004C8007	-	-	-	-	-	1/11	-	-	ENST00000333478.10:c.115-13315G>A	-	-	0.2664	0.1921	0.2911	0.0238	0.4612	0.3988	-	-	-	-	-	-	-	-	-	-	-	0.4612	EUR	-	-	-	-	-	-	-	-	0.201	-	-	rs55733609	3.76805e-01	11635	30878	4.75796e-01	rs55733609	3.74257e-01	53545	143070	-	-	-	-	-	-	-	-	-	-	chr2_26330877_C_T	0.477273	-	-	-	-
chr2_26330877_C_T	chr2:26330877	T	ENSG00000138018	ENST00000442141	Transcript	intron_variant	-	-	-	-	-	rs55733609	MODIFIER	-	1	cds_end_NF	1	SNV	SELENOI	HGNC	HGNC:29361	protein_coding	-	-	5	-	-	ENSP00000415280	-	C9JEZ2	UPI000173A486	-	1	-	-	-	1/4	-	-	ENST00000442141.5:c.-40+22220C>T	-	-	0.2664	0.1921	0.2911	0.0238	0.4612	0.3988	-	-	-	-	-	-	-	-	-	-	-	0.4612	EUR	-	-	-	-	-	-	-	-	0.201	-	-	rs55733609	3.76805e-01	11635	30878	4.75796e-01	rs55733609	3.74257e-01	53545	143070	-	-	-	-	-	-	-	-	-	-	chr2_26330877_C_T	0.477273	-	-	-	-
chr2_26330877_C_T	chr2:26330877	T	-	ENSR00000600311	RegulatoryFeature	regulatory_region_variant	-	-	-	-	-	rs55733609	MODIFIER	-	-	-	1	SNV	-	-	-	CTCF_binding_site	-	-	-	-	-	-	-	-	-	-	-	-	-	-	-	-	-	-	-	-	0.2664	0.1921	0.2911	0.0238	0.4612	0.3988	-	-	-	-	-	-	-	-	-	-	-	0.4612	EUR	-	-	-	-	-	-	-	-	0.201	-	-	rs55733609	3.76805e-01	11635	30878	4.75796e-01	rs55733609	3.74257e-01	53545	143070	-	-	-	-	-	-	-	-	-	-	chr2_26330877_C_T	0.477273	-	-	-	-
chr2_26339928_A_G	chr2:26339928	G	ENSG00000173567	ENST00000333478	Transcript	intron_variant	-	-	-	-	-	rs1346796	MODIFIER	-	-1	-	1	SNV	ADGRF3	HGNC	HGNC:18989	protein_coding	-	-	5	P3	CCDS33159.2	ENSP00000327396	Q8IZF5	-	UPI00004C8007	-	-	-	-	-	1/11	-	-	ENST00000333478.10:c.114+6193T>C	-	-	0.3301	0.3389	0.3256	0.0238	0.496	0.4663	-	-	-	-	-	-	-	-	-	-	-	0.496	EUR	-	-	-	-	-	-	-	-	0.276	-	-	rs1346796	4.32558e-01	13360	30886	5.05949e-01	rs1346796	4.35493e-01	62272	142992	-	-	-	-	-	-	-	-	-	-	chr2_26339928_A_G	0.534091	-	-	-	-
chr2_26339928_A_G	chr2:26339928	G	ENSG00000138018	ENST00000442141	Transcript	intron_variant	-	-	-	-	-	rs1346796	MODIFIER	-	1	cds_end_NF	1	SNV	SELENOI	HGNC	HGNC:29361	protein_coding	-	-	5	-	-	ENSP00000415280	-	C9JEZ2	UPI000173A486	-	1	-	-	-	1/4	-	-	ENST00000442141.5:c.-39-24374A>G	-	-	0.3301	0.3389	0.3256	0.0238	0.496	0.4663	-	-	-	-	-	-	-	-	-	-	-	0.496	EUR	-	-	-	-	-	-	-	-	0.276	-	-	rs1346796	4.32558e-01	13360	30886	5.05949e-01	rs1346796	4.35493e-01	62272	142992	-	-	-	-	-	-	-	-	-	-	chr2_26339928_A_G	0.534091	-	-	-	-
chr2_26340551_T_C	chr2:26340551	C	ENSG00000173567	ENST00000333478	Transcript	intron_variant	-	-	-	-	-	rs58560619	MODIFIER	-	-1	-	1	SNV	ADGRF3	HGNC	HGNC:18989	protein_coding	-	-	5	P3	CCDS33159.2	ENSP00000327396	Q8IZF5	-	UPI00004C8007	-	-	-	-	-	1/11	-	-	ENST00000333478.10:c.114+5570A>G	-	-	0.2881	0.1952	0.3069	0.0238	0.494	0.4611	-	-	-	-	-	-	-	-	-	-	-	0.494	EUR	-	-	-	-	-	-	-	-	-1.110	-	-	rs58560619	3.99443e-01	12342	30898	5.06883e-01	rs58560619	4.00198e-01	57270	143104	-	-	-	-	-	-	-	-	-	-	chr2_26340551_T_C	0.534091	-	-	-	-
chr2_26340551_T_C	chr2:26340551	C	ENSG00000138018	ENST00000442141	Transcript	intron_variant	-	-	-	-	-	rs58560619	MODIFIER	-	1	cds_end_NF	1	SNV	SELENOI	HGNC	HGNC:29361	protein_coding	-	-	5	-	-	ENSP00000415280	-	C9JEZ2	UPI000173A486	-	1	-	-	-	1/4	-	-	ENST00000442141.5:c.-39-23751T>C	-	-	0.2881	0.1952	0.3069	0.0238	0.494	0.4611	-	-	-	-	-	-	-	-	-	-	-	0.494	EUR	-	-	-	-	-	-	-	-	-1.110	-	-	rs58560619	3.99443e-01	12342	30898	5.06883e-01	rs58560619	4.00198e-01	57270	143104	-	-	-	-	-	-	-	-	-	-	chr2_26340551_T_C	0.534091	-	-	-	-
chr2_26353118_A_G	chr2:26353118	G	ENSG00000138018	ENST00000260585	Transcript	intron_variant	-	-	-	-	-	rs11898247	MODIFIER	-	1	-	1	SNV	SELENOI	HGNC	HGNC:29361	protein_coding	YES	-	1	P2	CCDS46240.1	ENSP00000260585	Q9C0D9	-	UPI00003CE422	-	1	-	-	-	1/9	-	-	ENST00000260585.12:c.57+6829A>G	-	-	0.3203	0.2965	0.3213	0.0238	0.493	0.4796	-	-	-	-	-	-	-	-	-	-	-	0.493	EUR	-	-	-	-	-	-	-	-	-2.590	-	-	rs11898247	4.21455e-01	13012	30874	5.04947e-01	rs11898247	4.24669e-01	60720	142982	-	-	-	-	-	-	-	-	-	-	chr2_26353118_A_G	0.534091	-	-	-	-
chr2_26353118_A_G	chr2:26353118	G	-	ENSR00000600317	RegulatoryFeature	regulatory_region_variant	-	-	-	-	-	rs11898247	MODIFIER	-	-	-	1	SNV	-	-	-	promoter_flanking_region	-	-	-	-	-	-	-	-	-	-	-	-	-	-	-	-	-	-	-	-	0.3203	0.2965	0.3213	0.0238	0.493	0.4796	-	-	-	-	-	-	-	-	-	-	-	0.493	EUR	-	-	-	-	-	-	-	-	-2.590	-	-	rs11898247	4.21455e-01	13012	30874	5.04947e-01	rs11898247	4.24669e-01	60720	142982	-	-	-	-	-	-	-	-	-	-	chr2_26353118_A_G	0.534091	-	-	-	-
chr2_26353693_G_A	chr2:26353693	A	ENSG00000138018	ENST00000260585	Transcript	intron_variant	-	-	-	-	-	rs6546932	MODIFIER	-	1	-	1	SNV	SELENOI	HGNC	HGNC:29361	protein_coding	YES	-	1	P2	CCDS46240.1	ENSP00000260585	Q9C0D9	-	UPI00003CE422	-	1	-	-	-	1/9	-	-	ENST00000260585.12:c.57+7404G>A	-	-	0.3205	0.2973	0.3213	0.0238	0.493	0.4796	-	-	-	-	-	-	-	-	-	-	-	0.493	EUR	-	-	-	-	-	-	-	-	-3.790	-	-	rs6546932	4.21785e-01	13034	30902	5.05343e-01	rs6546932	4.24890e-01	60761	143004	-	-	-	-	-	-	-	-	-	-	chr2_26353693_G_A	0.534091	-	-	-	-
chr2_26353693_G_A	chr2:26353693	A	-	ENSR00000600317	RegulatoryFeature	regulatory_region_variant	-	-	-	-	-	rs6546932	MODIFIER	-	-	-	1	SNV	-	-	-	promoter_flanking_region	-	-	-	-	-	-	-	-	-	-	-	-	-	-	-	-	-	-	-	-	0.3205	0.2973	0.3213	0.0238	0.493	0.4796	-	-	-	-	-	-	-	-	-	-	-	0.493	EUR	-	-	-	-	-	-	-	-	-3.790	-	-	rs6546932	4.21785e-01	13034	30902	5.05343e-01	rs6546932	4.24890e-01	60761	143004	-	-	-	-	-	-	-	-	-	-	chr2_26353693_G_A	0.534091	-	-	-	-
chr2_26354469_C_T	chr2:26354469	T	ENSG00000138018	ENST00000260585	Transcript	intron_variant	-	-	-	-	-	rs9941613	MODIFIER	-	1	-	1	SNV	SELENOI	HGNC	HGNC:29361	protein_coding	YES	-	1	P2	CCDS46240.1	ENSP00000260585	Q9C0D9	-	UPI00003CE422	-	1	-	-	-	1/9	-	-	ENST00000260585.12:c.57+8180C>T	-	-	0.2867	0.1853	0.3069	0.0238	0.4881	0.4734	-	-	-	-	-	-	-	-	-	-	-	0.4881	EUR	-	-	-	-	-	-	-	-	0.175	-	-	rs9941613	3.91091e-01	12037	30778	4.99597e-01	chr2:26354469-26354469	3.92608e-01	56139	142990	-	-	-	-	-	-	-	-	-	-	chr2_26354469_C_T	0.534091	-	-	-	-
chr2_26354469_C_T	chr2:26354469	T	-	ENSR00000600317	RegulatoryFeature	regulatory_region_variant	-	-	-	-	-	rs9941613	MODIFIER	-	-	-	1	SNV	-	-	-	promoter_flanking_region	-	-	-	-	-	-	-	-	-	-	-	-	-	-	-	-	-	-	-	-	0.2867	0.1853	0.3069	0.0238	0.4881	0.4734	-	-	-	-	-	-	-	-	-	-	-	0.4881	EUR	-	-	-	-	-	-	-	-	0.175	-	-	rs9941613	3.91091e-01	12037	30778	4.99597e-01	chr2:26354469-26354469	3.92608e-01	56139	142990	-	-	-	-	-	-	-	-	-	-	chr2_26354469_C_T	0.534091	-	-	-	-
chr2_26356829_T_C	chr2:26356829	C	ENSG00000138018	ENST00000260585	Transcript	intron_variant	-	-	-	-	-	rs35204152	MODIFIER	-	1	-	1	SNV	SELENOI	HGNC	HGNC:29361	protein_coding	YES	-	1	P2	CCDS46240.1	ENSP00000260585	Q9C0D9	-	UPI00003CE422	-	1	-	-	-	1/9	-	-	ENST00000260585.12:c.58-7473T>C	-	-	0.2899	0.1944	0.304	0.0238	0.495	0.4724	-	-	-	-	-	-	-	-	-	-	-	0.495	EUR	-	-	-	-	-	-	-	-	1.810	-	-	rs35204152	3.96239e-01	12220	30840	5.04683e-01	rs35204152	3.97100e-01	56725	142848	-	-	-	-	-	-	-	-	-	-	chr2_26356829_T_C	0.522727	-	-	-	-
chr2_26356829_T_C	chr2:26356829	C	-	ENSR00000600317	RegulatoryFeature	regulatory_region_variant	-	-	-	-	-	rs35204152	MODIFIER	-	-	-	1	SNV	-	-	-	promoter_flanking_region	-	-	-	-	-	-	-	-	-	-	-	-	-	-	-	-	-	-	-	-	0.2899	0.1944	0.304	0.0238	0.495	0.4724	-	-	-	-	-	-	-	-	-	-	-	0.495	EUR	-	-	-	-	-	-	-	-	1.810	-	-	rs35204152	3.96239e-01	12220	30840	5.04683e-01	rs35204152	3.97100e-01	56725	142848	-	-	-	-	-	-	-	-	-	-	chr2_26356829_T_C	0.522727	-	-	-	-
chr2_26357232_A_G	chr2:26357232	G	ENSG00000138018	ENST00000260585	Transcript	intron_variant	-	-	-	-	-	rs35747039	MODIFIER	-	1	-	1	SNV	SELENOI	HGNC	HGNC:29361	protein_coding	YES	-	1	P2	CCDS46240.1	ENSP00000260585	Q9C0D9	-	UPI00003CE422	-	1	-	-	-	1/9	-	-	ENST00000260585.12:c.58-7070A>G	-	-	0.2897	0.1936	0.304	0.0238	0.495	0.4724	-	-	-	-	-	-	-	-	-	-	-	0.495	EUR	-	-	-	-	-	-	-	-	-0.354	-	-	rs35747039	3.96044e-01	12233	30888	5.04279e-01	rs35747039	3.97028e-01	56775	143000	-	-	-	-	-	-	-	-	-	-	chr2_26357232_A_G	0.522727	-	-	-	-
chr2_26357232_A_G	chr2:26357232	G	-	ENSR00000600317	RegulatoryFeature	regulatory_region_variant	-	-	-	-	-	rs35747039	MODIFIER	-	-	-	1	SNV	-	-	-	promoter_flanking_region	-	-	-	-	-	-	-	-	-	-	-	-	-	-	-	-	-	-	-	-	0.2897	0.1936	0.304	0.0238	0.495	0.4724	-	-	-	-	-	-	-	-	-	-	-	0.495	EUR	-	-	-	-	-	-	-	-	-0.354	-	-	rs35747039	3.96044e-01	12233	30888	5.04279e-01	rs35747039	3.97028e-01	56775	143000	-	-	-	-	-	-	-	-	-	-	chr2_26357232_A_G	0.522727	-	-	-	-
chr2_26358335_C_T	chr2:26358335	T	ENSG00000138018	ENST00000260585	Transcript	intron_variant	-	-	-	-	-	rs35200313	MODIFIER	-	1	-	1	SNV	SELENOI	HGNC	HGNC:29361	protein_coding	YES	-	1	P2	CCDS46240.1	ENSP00000260585	Q9C0D9	-	UPI00003CE422	-	1	-	-	-	1/9	-	-	ENST00000260585.12:c.58-5967C>T	-	-	0.2897	0.1936	0.304	0.0238	0.495	0.4724	-	-	-	-	-	-	-	-	-	-	-	0.495	EUR	-	-	-	-	-	-	-	-	-1.000	-	-	rs35200313	3.95759e-01	12225	30890	5.04614e-01	chr2:26358335-26358335	3.97000e-01	56752	142952	-	-	-	-	-	-	-	-	-	-	chr2_26358335_C_T	0.522727	-	-	-	-
chr2_26358335_C_T	chr2:26358335	T	-	ENSR00000600317	RegulatoryFeature	regulatory_region_variant	-	-	-	-	-	rs35200313	MODIFIER	-	-	-	1	SNV	-	-	-	promoter_flanking_region	-	-	-	-	-	-	-	-	-	-	-	-	-	-	-	-	-	-	-	-	0.2897	0.1936	0.304	0.0238	0.495	0.4724	-	-	-	-	-	-	-	-	-	-	-	0.495	EUR	-	-	-	-	-	-	-	-	-1.000	-	-	rs35200313	3.95759e-01	12225	30890	5.04614e-01	chr2:26358335-26358335	3.97000e-01	56752	142952	-	-	-	-	-	-	-	-	-	-	chr2_26358335_C_T	0.522727	-	-	-	-
chr2_26358970_C_T	chr2:26358970	T	ENSG00000138018	ENST00000260585	Transcript	intron_variant	-	-	-	-	-	rs13020831	MODIFIER	-	1	-	1	SNV	SELENOI	HGNC	HGNC:29361	protein_coding	YES	-	1	P2	CCDS46240.1	ENSP00000260585	Q9C0D9	-	UPI00003CE422	-	1	-	-	-	1/9	-	-	ENST00000260585.12:c.58-5332C>T	-	-	0.2897	0.1936	0.304	0.0238	0.495	0.4724	-	-	-	-	-	-	-	-	-	-	-	0.495	EUR	-	-	-	-	-	-	-	-	-3.730	chr2:26358970-26358970	0.60195	rs13020831	3.96307e-01	12234	30870	5.04813e-01	chr2:26358970-26358970	3.97167e-01	56783	142970	-	-	-	-	-	-	-	-	-	-	chr2_26358970_C_T	0.522727	-	-	-	-
chr2_26358970_C_T	chr2:26358970	T	-	ENSR00000600317	RegulatoryFeature	regulatory_region_variant	-	-	-	-	-	rs13020831	MODIFIER	-	-	-	1	SNV	-	-	-	promoter_flanking_region	-	-	-	-	-	-	-	-	-	-	-	-	-	-	-	-	-	-	-	-	0.2897	0.1936	0.304	0.0238	0.495	0.4724	-	-	-	-	-	-	-	-	-	-	-	0.495	EUR	-	-	-	-	-	-	-	-	-3.730	chr2:26358970-26358970	0.60195	rs13020831	3.96307e-01	12234	30870	5.04813e-01	chr2:26358970-26358970	3.97167e-01	56783	142970	-	-	-	-	-	-	-	-	-	-	chr2_26358970_C_T	0.522727	-	-	-	-
chr2_26361462_C_T	chr2:26361462	T	ENSG00000138018	ENST00000260585	Transcript	intron_variant	-	-	-	-	-	rs13018684	MODIFIER	-	1	-	1	SNV	SELENOI	HGNC	HGNC:29361	protein_coding	YES	-	1	P2	CCDS46240.1	ENSP00000260585	Q9C0D9	-	UPI00003CE422	-	1	-	-	-	1/9	-	-	ENST00000260585.12:c.58-2840C>T	-	-	0.2883	0.1921	0.3012	0.0248	0.495	0.4683	-	-	-	-	-	-	-	-	-	-	-	0.495	EUR	-	-	-	-	-	-	-	-	0.368	-	-	rs13018684	3.89757e-01	12017	30832	4.92563e-01	rs13018684	3.94492e-01	56410	142994	-	-	-	-	-	-	-	-	-	-	chr2_26361462_C_T	0.522727	-	-	-	-
chr2_26361858_G_T	chr2:26361858	T	ENSG00000138018	ENST00000260585	Transcript	intron_variant	-	-	-	-	-	rs11126445	MODIFIER	-	1	-	1	SNV	SELENOI	HGNC	HGNC:29361	protein_coding	YES	-	1	P2	CCDS46240.1	ENSP00000260585	Q9C0D9	-	UPI00003CE422	-	1	-	-	-	1/9	-	-	ENST00000260585.12:c.58-2444G>T	-	-	0.2903	0.1936	0.304	0.0238	0.497	0.4734	-	-	-	-	-	-	-	-	-	-	-	0.497	EUR	-	-	-	-	-	-	-	-	-0.652	-	-	rs11126445	3.96516e-01	12223	30826	5.05430e-01	rs11126445	3.97753e-01	56831	142880	-	-	-	-	-	-	-	-	-	-	chr2_26361858_G_T	0.522727	-	-	-	-
chr2_26363341_G_C	chr2:26363341	C	ENSG00000138018	ENST00000260585	Transcript	intron_variant	-	-	-	-	-	rs11903683	MODIFIER	-	1	-	1	SNV	SELENOI	HGNC	HGNC:29361	protein_coding	YES	-	1	P2	CCDS46240.1	ENSP00000260585	Q9C0D9	-	UPI00003CE422	-	1	-	-	-	1/9	-	-	ENST00000260585.12:c.58-961G>C	-	-	0.3313	0.3177	0.3285	0.0238	0.5109	0.4836	-	-	-	-	-	-	-	-	-	-	-	0.5109	EUR	-	-	-	-	-	-	-	-	-4.920	-	-	rs11903683	4.30422e-01	13294	30886	5.12363e-01	chr2:26363341-26363341	4.34737e-01	62163	142990	-	chr2:26363341-26363341	0.1415	0.0000	0.3640	0.0000	-50	-9	2	-1	chr2_26363341_G_C	0.534091	-	-	-	-
chr2_26363341_G_C	chr2:26363341	C	-	ENSR00000600318	RegulatoryFeature	regulatory_region_variant	-	-	-	-	-	rs11903683	MODIFIER	-	-	-	1	SNV	-	-	-	promoter_flanking_region	-	-	-	-	-	-	-	-	-	-	-	-	-	-	-	-	-	-	-	-	0.3313	0.3177	0.3285	0.0238	0.5109	0.4836	-	-	-	-	-	-	-	-	-	-	-	0.5109	EUR	-	-	-	-	-	-	-	-	-4.920	-	-	rs11903683	4.30422e-01	13294	30886	5.12363e-01	chr2:26363341-26363341	4.34737e-01	62163	142990	-	chr2:26363341-26363341	0.1415	0.0000	0.3640	0.0000	-50	-9	2	-1	chr2_26363341_G_C	0.534091	-	-	-	-
chr2_26363861_C_T	chr2:26363861	T	ENSG00000138018	ENST00000260585	Transcript	intron_variant	-	-	-	-	-	rs11126447	MODIFIER	-	1	-	1	SNV	SELENOI	HGNC	HGNC:29361	protein_coding	YES	-	1	P2	CCDS46240.1	ENSP00000260585	Q9C0D9	-	UPI00003CE422	-	1	-	-	-	1/9	-	-	ENST00000260585.12:c.58-441C>T	-	-	0.2899	0.1936	0.304	0.0238	0.496	0.4724	-	-	-	-	-	-	-	-	-	-	-	0.496	EUR	-	-	-	-	-	-	-	-	-0.045	-	-	rs11126447	3.95750e-01	12216	30868	5.04079e-01	rs11126447	3.97015e-01	56758	142962	-	-	-	-	-	-	-	-	-	-	chr2_26363861_C_T	0.522727	-	-	-	-
chr2_26363861_C_T	chr2:26363861	T	-	ENSR00000600318	RegulatoryFeature	regulatory_region_variant	-	-	-	-	-	rs11126447	MODIFIER	-	-	-	1	SNV	-	-	-	promoter_flanking_region	-	-	-	-	-	-	-	-	-	-	-	-	-	-	-	-	-	-	-	-	0.2899	0.1936	0.304	0.0238	0.496	0.4724	-	-	-	-	-	-	-	-	-	-	-	0.496	EUR	-	-	-	-	-	-	-	-	-0.045	-	-	rs11126447	3.95750e-01	12216	30868	5.04079e-01	rs11126447	3.97015e-01	56758	142962	-	-	-	-	-	-	-	-	-	-	chr2_26363861_C_T	0.522727	-	-	-	-
chr2_26366218_G_A	chr2:26366218	A	ENSG00000138018	ENST00000260585	Transcript	intron_variant	-	-	-	-	-	rs55954523	MODIFIER	-	1	-	1	SNV	SELENOI	HGNC	HGNC:29361	protein_coding	YES	-	1	P2	CCDS46240.1	ENSP00000260585	Q9C0D9	-	UPI00003CE422	-	1	-	-	-	3/9	-	-	ENST00000260585.12:c.236-928G>A	-	-	0.2284	0.0711	0.2767	0.0238	0.4702	0.3691	-	-	-	-	-	-	-	-	-	-	-	0.4702	EUR	-	-	-	-	-	-	-	-	-0.814	-	-	rs55954523	3.49508e-01	10797	30892	4.80230e-01	rs55954523	3.45311e-01	49367	142964	-	-	-	-	-	-	-	-	-	-	chr2_26366218_G_A	0.488636	-	-	-	-
chr2_26366607_T_C	chr2:26366607	C	ENSG00000138018	ENST00000260585	Transcript	intron_variant	-	-	-	-	-	rs11904668	MODIFIER	-	1	-	1	SNV	SELENOI	HGNC	HGNC:29361	protein_coding	YES	-	1	P2	CCDS46240.1	ENSP00000260585	Q9C0D9	-	UPI00003CE422	-	1	-	-	-	3/9	-	-	ENST00000260585.12:c.236-539T>C	-	-	0.3205	0.2958	0.3184	0.0238	0.499	0.4775	-	-	-	-	-	-	-	-	-	-	-	0.499	EUR	-	-	-	-	-	-	-	-	-2.930	-	-	rs11904668	4.23040e-01	13055	30860	5.07163e-01	chr2:26366607-26366607	4.25903e-01	60893	142974	-	-	-	-	-	-	-	-	-	-	chr2_26366607_T_C	0.522727	-	-	-	-
chr2_26371192_C_T	chr2:26371192	T	ENSG00000138018	ENST00000260585	Transcript	intron_variant	-	-	-	-	-	rs59567929	MODIFIER	-	1	-	1	SNV	SELENOI	HGNC	HGNC:29361	protein_coding	YES	-	1	P2	CCDS46240.1	ENSP00000260585	Q9C0D9	-	UPI00003CE422	-	1	-	-	-	4/9	-	-	ENST00000260585.12:c.311-2175C>T	-	-	0.2893	0.1952	0.304	0.0238	0.4911	0.4724	-	-	-	-	-	-	-	-	-	-	-	0.4911	EUR	-	-	-	-	-	-	-	-	-	-	-	rs59567929	3.82994e-01	11378	29708	4.90209e-01	chr2:26371192-26371192	3.89788e-01	54904	140856	-	-	-	-	-	-	-	-	-	-	chr2_26371192_C_T	0.522727	-	-	-	-
chr2_26371270_G_A	chr2:26371270	A	ENSG00000138018	ENST00000260585	Transcript	intron_variant	-	-	-	-	-	rs60147061	MODIFIER	-	1	-	1	SNV	SELENOI	HGNC	HGNC:29361	protein_coding	YES	-	1	P2	CCDS46240.1	ENSP00000260585	Q9C0D9	-	UPI00003CE422	-	1	-	-	-	4/9	-	-	ENST00000260585.12:c.311-2097G>A	-	-	0.2849	0.1959	0.3012	0.0238	0.4841	0.4581	-	-	-	-	-	-	-	-	-	-	-	0.4841	EUR	-	-	-	-	-	-	-	-	-	-	-	rs60147061	3.73113e-01	10971	29404	4.77843e-01	rs60147061	3.82526e-01	53367	139512	-	-	-	-	-	-	-	-	-	-	chr2_26371270_G_A	0.522727	-	-	-	-
chr2_26371309_C_T	chr2:26371309	T	ENSG00000138018	ENST00000260585	Transcript	intron_variant	-	-	-	-	-	rs57750754	MODIFIER	-	1	-	1	SNV	SELENOI	HGNC	HGNC:29361	protein_coding	YES	-	1	P2	CCDS46240.1	ENSP00000260585	Q9C0D9	-	UPI00003CE422	-	1	-	-	-	4/9	-	-	ENST00000260585.12:c.311-2058C>T	-	-	0.2835	0.1921	0.3012	0.0238	0.4841	0.456	-	-	-	-	-	-	-	-	-	-	-	0.4841	EUR	-	-	-	-	-	-	-	-	-	-	-	rs57750754	3.47180e-01	9912	28550	4.40590e-01	rs57750754	3.64693e-01	49968	137014	-	-	-	-	-	-	-	-	-	-	chr2_26371309_C_T	0.522727	-	-	-	-
chr2_26371642_C_T	chr2:26371642	T	ENSG00000138018	ENST00000260585	Transcript	intron_variant	-	-	-	-	-	rs62128669	MODIFIER	-	1	-	1	SNV	SELENOI	HGNC	HGNC:29361	protein_coding	YES	-	1	P2	CCDS46240.1	ENSP00000260585	Q9C0D9	-	UPI00003CE422	-	1	-	-	-	4/9	-	-	ENST00000260585.12:c.311-1725C>T	-	-	0.2893	0.1952	0.304	0.0238	0.4911	0.4724	-	-	-	-	-	-	-	-	-	-	-	0.4911	EUR	-	-	-	-	-	-	-	-	-	-	-	rs62128669	3.82840e-01	11659	30454	4.88705e-01	rs62128669	3.87603e-01	55007	141916	-	-	-	-	-	-	-	-	-	-	chr2_26371642_C_T	0.522727	-	-	-	-
chr2_26374709_C_T	chr2:26374709	T	ENSG00000138018	ENST00000260585	Transcript	intron_variant	-	-	-	-	-	rs56134770	MODIFIER	-	1	-	1	SNV	SELENOI	HGNC	HGNC:29361	protein_coding	YES	-	1	P2	CCDS46240.1	ENSP00000260585	Q9C0D9	-	UPI00003CE422	-	1	-	-	-	5/9	-	-	ENST00000260585.12:c.574-331C>T	-	-	0.2903	0.1952	0.304	0.0238	0.496	0.4724	-	-	-	-	-	-	-	-	-	-	-	0.496	EUR	-	-	-	-	-	-	-	-	-0.555	-	-	rs56134770	3.95486e-01	12162	30752	5.03900e-01	rs56134770	3.97582e-01	56735	142700	-	-	-	-	-	-	-	-	-	-	chr2_26374709_C_T	0.522727	-	-	-	-
chr2_26374749_G_A	chr2:26374749	A	ENSG00000138018	ENST00000260585	Transcript	intron_variant	-	-	-	-	-	rs34620528	MODIFIER	-	1	-	1	SNV	SELENOI	HGNC	HGNC:29361	protein_coding	YES	-	1	P2	CCDS46240.1	ENSP00000260585	Q9C0D9	-	UPI00003CE422	-	1	-	-	-	5/9	-	-	ENST00000260585.12:c.574-291G>A	-	-	0.2903	0.1952	0.304	0.0238	0.496	0.4724	-	-	-	-	-	-	-	-	-	-	-	0.496	EUR	-	-	-	-	-	-	-	-	-0.611	-	-	rs34620528	3.95805e-01	12152	30702	5.04038e-01	rs34620528	3.97713e-01	56756	142706	-	-	-	-	-	-	-	-	-	-	chr2_26374749_G_A	0.522727	-	-	-	-
chr2_26376970_G_A	chr2:26376970	A	ENSG00000138018	ENST00000260585	Transcript	intron_variant	-	-	-	-	-	rs35470601	MODIFIER	-	1	-	1	SNV	SELENOI	HGNC	HGNC:29361	protein_coding	YES	-	1	P2	CCDS46240.1	ENSP00000260585	Q9C0D9	-	UPI00003CE422	-	1	-	-	-	6/9	-	-	ENST00000260585.12:c.682+1822G>A	-	-	0.3099	0.2678	0.3242	0.0208	0.497	0.4622	-	-	-	-	-	-	-	-	-	-	-	0.497	EUR	-	-	-	-	-	-	-	-	-2.550	-	-	rs35470601	4.20262e-01	12976	30876	5.09293e-01	rs35470601	4.20238e-01	60110	143038	-	-	-	-	-	-	-	-	-	-	chr2_26376970_G_A	0.522727	-	-	-	-
chr2_26383479_T_A	chr2:26383479	A	ENSG00000138018	ENST00000260585	Transcript	intron_variant	-	-	-	-	-	rs13030294	MODIFIER	-	1	-	1	SNV	SELENOI	HGNC	HGNC:29361	protein_coding	YES	-	1	P2	CCDS46240.1	ENSP00000260585	Q9C0D9	-	UPI00003CE422	-	1	-	-	-	7/9	-	-	ENST00000260585.12:c.731+132T>A	-	-	0.3183	0.2905	0.3271	0.0208	0.502	0.4673	-	-	-	-	-	-	-	-	-	-	-	0.502	EUR	-	-	-	-	-	-	-	-	-6.270	-	-	rs13030294	4.27349e-01	13188	30860	5.11960e-01	rs13030294	4.28988e-01	61317	142934	-	-	-	-	-	-	-	-	-	-	chr2_26383479_T_A	0.522727	-	-	-	-
chr2_26383953_T_G	chr2:26383953	G	ENSG00000138018	ENST00000260585	Transcript	intron_variant	-	-	-	-	-	rs7565734	MODIFIER	-	1	-	1	SNV	SELENOI	HGNC	HGNC:29361	protein_coding	YES	-	1	P2	CCDS46240.1	ENSP00000260585	Q9C0D9	-	UPI00003CE422	-	1	-	-	-	7/9	-	-	ENST00000260585.12:c.731+606T>G	-	-	0.2897	0.1952	0.3141	0.0208	0.499	0.4622	-	-	-	-	-	-	-	-	-	-	-	0.499	EUR	-	-	-	-	-	-	-	-	-0.685	-	-	rs7565734	4.01805e-01	12419	30908	5.09092e-01	rs7565734	4.01529e-01	57442	143058	-	-	-	-	-	-	-	-	-	-	chr2_26383953_T_G	0.522727	-	-	-	-
chr2_26389597_G_A	chr2:26389597	A	ENSG00000138018	ENST00000260585	Transcript	3_prime_UTR_variant	1778	-	-	-	-	rs62128674	MODIFIER	-	1	-	1	SNV	SELENOI	HGNC	HGNC:29361	protein_coding	YES	-	1	P2	CCDS46240.1	ENSP00000260585	Q9C0D9	-	UPI00003CE422	-	1	-	-	10/10	-	-	-	ENST00000260585.12:c.*494G>A	-	-	0.2893	0.1952	0.3112	0.0208	0.499	0.4622	-	-	-	-	-	-	-	-	-	-	-	0.499	EUR	-	-	-	-	-	-	-	-	-1.900	-	-	rs62128674	4.01122e-01	12369	30836	5.08309e-01	rs62128674	4.01138e-01	57317	142886	-	-	-	-	-	-	-	-	-	-	chr2_26389597_G_A	0.522727	-	-	-	-
chr2_26393034_G_A	chr2:26393034	A	ENSG00000138018	ENST00000260585	Transcript	3_prime_UTR_variant	5215	-	-	-	-	rs6739625	MODIFIER	-	1	-	1	SNV	SELENOI	HGNC	HGNC:29361	protein_coding	YES	-	1	P2	CCDS46240.1	ENSP00000260585	Q9C0D9	-	UPI00003CE422	-	1	-	-	10/10	-	-	-	ENST00000260585.12:c.*3931G>A	-	-	0.2897	0.1952	0.3112	0.0228	0.499	0.4622	-	-	-	-	-	-	-	-	-	-	-	0.499	EUR	-	-	-	-	-	-	-	-	1.530	chr2:26393034-26393034	0.83512	rs6739625	4.01798e-01	12426	30926	5.09012e-01	chr2:26393034-26393034	4.01359e-01	57432	143094	-	-	-	-	-	-	-	-	-	-	chr2_26393034_G_A	0.522727	-	-	-	-
chr2_26393488_A_G	chr2:26393488	G	ENSG00000138018	ENST00000260585	Transcript	3_prime_UTR_variant	5669	-	-	-	-	rs6730112	MODIFIER	-	1	-	1	SNV	SELENOI	HGNC	HGNC:29361	protein_coding	YES	-	1	P2	CCDS46240.1	ENSP00000260585	Q9C0D9	-	UPI00003CE422	-	1	-	-	10/10	-	-	-	ENST00000260585.12:c.*4385A>G	-	-	0.2899	0.1944	0.3141	0.0228	0.499	0.4622	-	-	-	-	-	-	-	-	-	-	-	0.499	EUR	-	-	-	-	-	-	-	-	1.730	-	-	rs6730112	4.01482e-01	12405	30898	5.08888e-01	rs6730112	4.01234e-01	57399	143056	-	-	-	-	-	-	-	-	-	-	chr2_26393488_A_G	0.522727	-	-	-	-
chr2_26394341_A_G	chr2:26394341	G	ENSG00000138018	ENST00000260585	Transcript	3_prime_UTR_variant	6522	-	-	-	-	rs1127261	MODIFIER	-	1	-	1	SNV	SELENOI	HGNC	HGNC:29361	protein_coding	YES	-	1	P2	CCDS46240.1	ENSP00000260585	Q9C0D9	-	UPI00003CE422	-	1	-	-	10/10	-	-	-	ENST00000260585.12:c.*5238A>G	-	-	0.3185	0.2897	0.3285	0.0208	0.502	0.4683	-	-	-	-	-	-	-	-	-	-	-	0.502	EUR	-	-	-	-	-	-	-	-	-1.220	-	-	rs1127261	4.26566e-01	13186	30912	5.11024e-01	chr2:26394341-26394341	4.28462e-01	61324	143126	-	-	-	-	-	-	-	-	-	-	chr2_26394341_A_G	0.522727	-	-	-	-
chr2_26395675_G_A	chr2:26395675	A	ENSG00000138018	ENST00000260585	Transcript	3_prime_UTR_variant	7856	-	-	-	-	rs7092	MODIFIER	-	1	-	1	SNV	SELENOI	HGNC	HGNC:29361	protein_coding	YES	-	1	P2	CCDS46240.1	ENSP00000260585	Q9C0D9	-	UPI00003CE422	-	1	-	-	10/10	-	-	-	ENST00000260585.12:c.*6572G>A	-	-	0.2895	0.1952	0.3112	0.0208	0.5	0.4622	-	-	-	-	-	-	-	-	-	-	-	0.5	EUR	-	-	-	-	-	-	-	-	0.719	-	-	rs7092	4.01345e-01	12412	30926	5.08477e-01	rs7092	4.01088e-01	57374	143046	-	-	-	-	-	-	-	-	-	-	chr2_26395675_G_A	0.522727	-	-	-	-
chr2_26396672_C_T	chr2:26396672	T	ENSG00000138018	ENST00000260585	Transcript	downstream_gene_variant	-	-	-	-	-	rs6727760	MODIFIER	787	1	-	1	SNV	SELENOI	HGNC	HGNC:29361	protein_coding	YES	-	1	P2	CCDS46240.1	ENSP00000260585	Q9C0D9	-	UPI00003CE422	-	1	-	-	-	-	-	-	-	-	-	0.2893	0.1952	0.3127	0.0208	0.499	0.4611	-	-	-	-	-	-	-	-	-	-	-	0.499	EUR	-	-	-	-	-	-	-	-	-0.641	chr2:26396672-26396672	0.72665	rs6727760	4.00870e-01	12342	30788	5.07973e-01	chr2:26396672-26396672	3.98470e-01	56601	142046	-	-	-	-	-	-	-	-	-	-	chr2_26396672_C_T	0.522727	-	-	-	-
chr2_26396672_C_T	chr2:26396672	T	-	ENSR00000600323	RegulatoryFeature	regulatory_region_variant	-	-	-	-	-	rs6727760	MODIFIER	-	-	-	1	SNV	-	-	-	promoter_flanking_region	-	-	-	-	-	-	-	-	-	-	-	-	-	-	-	-	-	-	-	-	0.2893	0.1952	0.3127	0.0208	0.499	0.4611	-	-	-	-	-	-	-	-	-	-	-	0.499	EUR	-	-	-	-	-	-	-	-	-0.641	chr2:26396672-26396672	0.72665	rs6727760	4.00870e-01	12342	30788	5.07973e-01	chr2:26396672-26396672	3.98470e-01	56601	142046	-	-	-	-	-	-	-	-	-	-	chr2_26396672_C_T	0.522727	-	-	-	-
chr2_26398020_C_T	chr2:26398020	T	ENSG00000138018	ENST00000260585	Transcript	downstream_gene_variant	-	-	-	-	-	rs35858639	MODIFIER	2135	1	-	1	SNV	SELENOI	HGNC	HGNC:29361	protein_coding	YES	-	1	P2	CCDS46240.1	ENSP00000260585	Q9C0D9	-	UPI00003CE422	-	1	-	-	-	-	-	-	-	-	-	0.2891	0.1952	0.3112	0.0208	0.499	0.4611	-	-	-	-	-	-	-	-	-	-	-	0.499	EUR	-	-	-	-	-	-	-	-	-1.610	-	-	rs35858639	4.12360e-01	11697	28366	5.23495e-01	rs35858639	4.18050e-01	53875	128872	-	-	-	-	-	-	-	-	-	-	chr2_26398020_C_T	0.522727	-	-	-	-
chr2_26398020_C_T	chr2:26398020	T	ENSG00000157856	ENST00000288710	Transcript	upstream_gene_variant	-	-	-	-	-	rs35858639	MODIFIER	3900	1	-	1	SNV	DRC1	HGNC	HGNC:24245	protein_coding	YES	-	2	P1	CCDS1723.1	ENSP00000288710	Q96MC2	-	UPI000013DF36	-	1	-	-	-	-	-	-	-	-	-	0.2891	0.1952	0.3112	0.0208	0.499	0.4611	-	-	-	-	-	-	-	-	-	-	-	0.499	EUR	-	-	-	-	-	-	-	-	-1.610	-	-	rs35858639	4.12360e-01	11697	28366	5.23495e-01	rs35858639	4.18050e-01	53875	128872	-	-	-	-	-	-	-	-	-	-	chr2_26398020_C_T	0.522727	-	-	-	-
chr2_26440347_A_G	chr2:26440347	G	ENSG00000157856	ENST00000288710	Transcript	intron_variant	-	-	-	-	-	rs56218945	MODIFIER	-	1	-	1	SNV	DRC1	HGNC	HGNC:24245	protein_coding	YES	-	2	P1	CCDS1723.1	ENSP00000288710	Q96MC2	-	UPI000013DF36	-	1	-	-	-	7/16	-	-	ENST00000288710.7:c.889-31A>G	-	-	-	-	-	-	-	-	0.06578	0.1798	0.3286	0.127	0.2535	0.357	0.1147	0.4051	0.4156	0.3528	0.2551	0.4156	gnomAD_NFE	-	-	-	-	-	-	-	-	-1.910	-	-	rs56218945	3.15943e-01	8751	27698	4.33044e-01	rs56218945	3.75499e-01	41763	111220	-	-	-	-	-	-	-	-	-	-	chr2_26440347_A_G	0.352273	-	-	-	-
chr2_26445922_G_T	chr2:26445922	T	ENSG00000157856	ENST00000288710	Transcript	intron_variant	-	-	-	-	-	rs6732552	MODIFIER	-	1	-	1	SNV	DRC1	HGNC	HGNC:24245	protein_coding	YES	-	2	P1	CCDS1723.1	ENSP00000288710	Q96MC2	-	UPI000013DF36	-	1	-	-	-	10/16	-	-	ENST00000288710.7:c.1396+974G>T	-	-	0.3718	0.4145	0.3545	0.0823	0.493	0.5	-	-	-	-	-	-	-	-	-	-	-	0.5	SAS	-	-	-	-	-	-	-	-	-0.719	-	-	rs6732552	4.62613e-01	14242	30786	5.04562e-01	rs6732552	4.67503e-01	66651	142568	-	-	-	-	-	-	-	-	-	-	chr2_26445922_G_T	0.556818	-	-	-	-
chr2_26447115_A_T	chr2:26447115	T	ENSG00000157856	ENST00000288710	Transcript	intron_variant	-	-	-	-	-	rs10193369	MODIFIER	-	1	-	1	SNV	DRC1	HGNC	HGNC:24245	protein_coding	YES	-	2	P1	CCDS1723.1	ENSP00000288710	Q96MC2	-	UPI000013DF36	-	1	-	-	-	10/16	-	-	ENST00000288710.7:c.1397-1576A>T	-	-	0.2612	0.1346	0.3098	0.0208	0.4891	0.411	-	-	-	-	-	-	-	-	-	-	-	0.4891	EUR	-	-	-	-	-	-	-	-	0.119	-	-	rs10193369	3.87944e-01	11629	29976	5.12361e-01	rs10193369	3.86758e-01	54273	140328	-	-	-	-	-	-	-	-	-	-	chr2_26447115_A_T	0.5	-	-	-	-
chr2_105819710_C_T	chr2:105819710	T	ENSG00000071051	ENST00000233154	Transcript	intron_variant	-	-	-	-	-	rs116483251	MODIFIER	-	1	-	1	SNV	NCK2	HGNC	HGNC:7665	protein_coding	YES	-	5	P1	CCDS33266.1	ENSP00000233154	O43639	A0A0S2Z4M6	UPI000012FE3F	-	-	-	-	-	2/4	-	-	ENST00000233154.9:c.-17+3097C>T	-	-	0.0074	0	0.0058	0.001	0.0239	0.0082	-	-	-	-	-	-	-	-	-	-	-	0.0239	EUR	-	-	-	-	-	-	-	-	-4.900	-	-	rs116483251	1.61717e-02	501	30980	2.02532e-02	rs116483251	1.27718e-02	1829	143206	-	-	-	-	-	-	-	-	-	-	chr2_105819710_C_T	0.068182	-	-	-	-
chr2_105819710_C_T	chr2:105819710	T	-	ENSR00000615479	RegulatoryFeature	regulatory_region_variant	-	-	-	-	-	rs116483251	MODIFIER	-	-	-	1	SNV	-	-	-	promoter_flanking_region	-	-	-	-	-	-	-	-	-	-	-	-	-	-	-	-	-	-	-	-	0.0074	0	0.0058	0.001	0.0239	0.0082	-	-	-	-	-	-	-	-	-	-	-	0.0239	EUR	-	-	-	-	-	-	-	-	-4.900	-	-	rs116483251	1.61717e-02	501	30980	2.02532e-02	rs116483251	1.27718e-02	1829	143206	-	-	-	-	-	-	-	-	-	-	chr2_105819710_C_T	0.068182	-	-	-	-
chr4_24046367_T_C	chr4:24046367	C	-	-	-	intergenic_variant	-	-	-	-	-	rs75865730	MODIFIER	-	-	-	1	SNV	-	-	-	-	-	-	-	-	-	-	-	-	-	-	-	-	-	-	-	-	-	-	-	-	0.0220	0.0038	0.0418	0	0.0716	0.0041	-	-	-	-	-	-	-	-	-	-	-	0.0716	EUR	-	-	-	-	-	-	-	-	-2.550	chr4:24046367-24046367	0.73105	rs75865730	3.38222e-02	1047	30956	5.11932e-02	rs75865730	3.69409e-02	5292	143256	-	-	-	-	-	-	-	-	-	-	chr4_24046367_T_C	0.045455	-	-	-	-
chr7_86223970_T_A	chr7:86223970	A	-	-	-	intergenic_variant	-	-	-	-	-	rs112423323	MODIFIER	-	-	-	1	SNV	-	-	-	-	-	-	-	-	-	-	-	-	-	-	-	-	-	-	-	-	-	-	-	-	0.0869	0.0068	0.1729	0.1131	0.1143	0.0787	-	-	-	-	-	-	-	-	-	-	-	0.1729	AMR	-	-	-	-	-	-	-	-	0.221	-	-	rs112423323	8.95281e-02	2770	30940	1.05070e-01	chr7:86223970-86223970	9.25582e-02	13246	143110	-	-	-	-	-	-	-	-	-	-	chr7_86223970_T_A	0.068182	-	-	-	-
chr7_86239620_C_T	chr7:86239620	T	-	-	-	intergenic_variant	-	-	-	-	-	rs60244698	MODIFIER	-	-	-	1	SNV	-	-	-	-	-	-	-	-	-	-	-	-	-	-	-	-	-	-	-	-	-	-	-	-	0.0863	0.0068	0.1671	0.1131	0.1153	0.0787	-	-	-	-	-	-	-	-	-	-	-	0.1671	AMR	-	-	-	-	-	-	-	-	-1.220	-	-	rs60244698	8.94784e-02	2769	30946	1.04989e-01	chr7:86239620-86239620	9.24699e-02	13233	143106	-	-	-	-	-	-	-	-	-	-	chr7_86239620_C_T	0.068182	-	-	-	-
chr7_86275149_T_C	chr7:86275149	C	-	-	-	intergenic_variant	-	-	-	-	-	rs58164877	MODIFIER	-	-	-	1	SNV	-	-	-	-	-	-	-	-	-	-	-	-	-	-	-	-	-	-	-	-	-	-	-	-	0.0867	0.0068	0.1671	0.1141	0.1163	0.0787	-	-	-	-	-	-	-	-	-	-	-	0.1671	AMR	-	-	-	-	-	-	-	-	0.676	-	-	rs58164877	8.94509e-02	2766	30922	1.05326e-01	rs58164877	9.21080e-02	13193	143234	-	-	-	-	-	-	-	-	-	-	chr7_86275149_T_C	0.068182	-	-	-	-
chr7_86285657_A_T	chr7:86285657	T	-	-	-	intergenic_variant	-	-	-	-	-	rs2109832	MODIFIER	-	-	-	1	SNV	-	-	-	-	-	-	-	-	-	-	-	-	-	-	-	-	-	-	-	-	-	-	-	-	0.0873	0.0068	0.1729	0.1131	0.1163	0.0787	-	-	-	-	-	-	-	-	-	-	-	0.1729	AMR	-	-	-	-	-	-	-	-	-0.854	-	-	rs2109832	8.94267e-02	2764	30908	1.04999e-01	rs2109832	9.25494e-02	13249	143156	-	-	-	-	-	-	-	-	-	-	chr7_86285657_A_T	0.068182	-	-	-	-
chr7_86344327_T_C	chr7:86344327	C	-	-	-	intergenic_variant	-	-	-	-	-	rs200716810	MODIFIER	-	-	-	1	SNV	-	-	-	-	-	-	-	-	-	-	-	-	-	-	-	-	-	-	-	-	-	-	-	-	0.0861	0.0076	0.1628	0.1081	0.1163	0.0838	-	-	-	-	-	-	-	-	-	-	-	0.1628	AMR	-	-	-	-	-	-	-	-	-	chr7:86344327-86344327	0.71064	rs200716810	8.07619e-02	1942	24046	9.01239e-02	rs200716810	7.92307e-02	9215	116306	-	-	-	-	-	-	-	-	-	-	chr7_86344327_T_C	0.068182	-	-	-	-
chr8_40502422_C_T	chr8:40502422	T	-	-	-	intergenic_variant	-	-	-	-	-	-	MODIFIER	-	-	-	1	SNV	-	-	-	-	-	-	-	-	-	-	-	-	-	-	-	-	-	-	-	-	-	-	-	-	-	-	-	-	-	-	-	-	-	-	-	-	-	-	-	-	-	-	-	-	-	-	-	-	-	-	-	-0.684	-	-	rs72635773	3.13805e-02	902	28744	2.59082e-02	rs72635773	3.59948e-02	4840	134464	-	-	-	-	-	-	-	-	-	-	-	-	-	-	-	-
chr9_44097419_A_T	chr9:44097419	T	-	-	-	intergenic_variant	-	-	-	-	-	rs1325580869	MODIFIER	-	-	-	1	SNV	-	-	-	-	-	-	-	-	-	-	-	-	-	-	-	-	-	-	-	-	-	-	-	-	-	-	-	-	-	-	-	-	-	-	-	-	-	-	-	-	-	-	-	-	-	-	-	-	-	-	-	-	chr9:44097419-44097419	0.49282	-	-	-	-	-	-	-	-	-	-	-	-	-	-	-	-	-	-	-	chr9_44097419_A_T	0.079545	-	-	-	-
chr10_116727771_T_A	chr10:116727771	A	ENSG00000165868	ENST00000635765	Transcript	intron_variant	-	-	-	-	-	rs529362831	MODIFIER	-	-1	-	1	SNV	HSPA12A	HGNC	HGNC:19022	protein_coding	YES	-	5	A1	CCDS81511.1	ENSP00000489674	-	A0A1B0GTF3	UPI000387B91C	-	-	-	-	-	2/12	-	-	ENST00000635765.1:c.92-20486A>T	-	-	0.0092	0.0008	0.0115	0.001	0.0239	0.0123	-	-	-	-	-	-	-	-	-	-	-	0.0239	EUR	-	-	-	-	-	-	-	-	-0.658	chr10:116727771-116727771	0.69161	rs529362831	1.12127e-02	309	27558	1.83959e-02	chr10:116727771-116727771	1.44937e-02	1919	132402	-	-	-	-	-	-	-	-	-	-	-	-	-	-	-	-
chr11_70917503_G_A	chr11:70917503	A	ENSG00000162105	ENST00000601538	Transcript	intron_variant	-	-	-	-	-	rs144896554	MODIFIER	-	-1	-	1	SNV	SHANK2	HGNC	HGNC:14295	protein_coding	-	-	5	P1	-	ENSP00000469689	Q9UPX8	-	UPI000198F7E3	-	1	-	-	-	9/24	-	-	ENST00000601538.5:c.1108-20936C>T	-	-	0.0014	0	0	0	0.007	0	-	-	-	-	-	-	-	-	-	-	-	0.007	EUR	-	-	-	-	-	-	-	-	-0.544	-	-	rs144896554	6.20235e-03	192	30956	1.07957e-02	rs144896554	4.51797e-03	647	143206	-	-	-	-	-	-	-	-	-	-	-	-	-	-	-	-
chr11_70939834_T_C	chr11:70939834	C	ENSG00000162105	ENST00000601538	Transcript	intron_variant	-	-	-	-	-	rs144100527	MODIFIER	-	-1	-	1	SNV	SHANK2	HGNC	HGNC:14295	protein_coding	-	-	5	P1	-	ENSP00000469689	Q9UPX8	-	UPI000198F7E3	-	1	-	-	-	9/24	-	-	ENST00000601538.5:c.1108-43267A>G	-	-	0.0030	0	0	0	0.008	0.0072	-	-	-	-	-	-	-	-	-	-	-	0.008	EUR	-	-	-	-	-	-	-	-	-1.830	-	-	rs144100527	6.45911e-03	200	30964	1.13970e-02	rs144100527	5.13507e-03	736	143328	-	-	-	-	-	-	-	-	-	-	-	-	-	-	-	-
chr12_98627681_G_A	chr12:98627681	A	ENSG00000166130	ENST00000299157	Transcript	intron_variant	-	-	-	-	-	rs150843635	MODIFIER	-	-1	-	1	SNV	IKBIP	HGNC	HGNC:26430	protein_coding	YES	-	1	P4	CCDS9068.1	ENSP00000299157	Q70UQ0	-	UPI0000070C12	-	-	-	-	-	2/2	-	-	ENST00000299157.5:c.298-915C>T	-	-	0.0637	0.0257	0.0965	0.1498	0.0308	0.0368	-	-	-	-	-	-	-	-	-	-	-	0.1498	EAS	-	-	-	-	-	-	-	-	-1.260	-	-	rs150843635	3.62812e-02	1120	30870	2.29885e-02	chr12:98627681-98627681	2.97648e-02	4260	143122	-	-	-	-	-	-	-	-	-	-	chr12_98627681_G_A	0.011364	-	-	-	-
chr12_98627681_G_A	chr12:98627681	A	-	ENSR00000467166	RegulatoryFeature	regulatory_region_variant	-	-	-	-	-	rs150843635	MODIFIER	-	-	-	1	SNV	-	-	-	enhancer	-	-	-	-	-	-	-	-	-	-	-	-	-	-	-	-	-	-	-	-	0.0637	0.0257	0.0965	0.1498	0.0308	0.0368	-	-	-	-	-	-	-	-	-	-	-	0.1498	EAS	-	-	-	-	-	-	-	-	-1.260	-	-	rs150843635	3.62812e-02	1120	30870	2.29885e-02	chr12:98627681-98627681	2.97648e-02	4260	143122	-	-	-	-	-	-	-	-	-	-	chr12_98627681_G_A	0.011364	-	-	-	-
chr12_98636921_A_G	chr12:98636921	G	ENSG00000166130	ENST00000299157	Transcript	intron_variant	-	-	-	-	-	rs565549207	MODIFIER	-	-1	-	1	SNV	IKBIP	HGNC	HGNC:26430	protein_coding	YES	-	1	P4	CCDS9068.1	ENSP00000299157	Q70UQ0	-	UPI0000070C12	-	-	-	-	-	1/2	-	-	ENST00000299157.5:c.180-2508T>C	-	-	0.0637	0.025	0.0965	0.1498	0.0318	0.0368	-	-	-	-	-	-	-	-	-	-	-	0.1498	EAS	-	-	-	-	-	-	-	-	0.579	chr12:98636921-98636921	0.47754	rs565549207	3.79760e-02	1107	29150	2.35771e-02	rs565549207	3.08899e-02	4278	138492	-	-	-	-	-	-	-	-	-	-	chr12_98636921_A_G	0.011364	-	-	-	-
chr12_98639200_C_G	chr12:98639200	G	ENSG00000166130	ENST00000299157	Transcript	intron_variant	-	-	-	-	-	rs79683551	MODIFIER	-	-1	-	1	SNV	IKBIP	HGNC	HGNC:26430	protein_coding	YES	-	1	P4	CCDS9068.1	ENSP00000299157	Q70UQ0	-	UPI0000070C12	-	-	-	-	-	1/2	-	-	ENST00000299157.5:c.180-4787G>C	-	-	0.0639	0.025	0.0965	0.1518	0.0308	0.0368	-	-	-	-	-	-	-	-	-	-	-	0.1518	EAS	-	-	-	-	-	-	-	-	-0.360	-	-	rs79683551	3.60811e-02	1117	30958	2.28636e-02	rs79683551	2.94989e-02	4224	143192	-	-	-	-	-	-	-	-	-	-	chr12_98639200_C_G	0.011364	-	-	-	-
chr12_98639882_A_C	chr12:98639882	C	ENSG00000166130	ENST00000299157	Transcript	intron_variant	-	-	-	-	-	rs74588504	MODIFIER	-	-1	-	1	SNV	IKBIP	HGNC	HGNC:26430	protein_coding	YES	-	1	P4	CCDS9068.1	ENSP00000299157	Q70UQ0	-	UPI0000070C12	-	-	-	-	-	1/2	-	-	ENST00000299157.5:c.179+4641T>G	-	-	0.0635	0.025	0.0965	0.1498	0.0308	0.0368	-	-	-	-	-	-	-	-	-	-	-	0.1498	EAS	-	-	-	-	-	-	-	-	-0.154	-	-	rs74588504	3.61870e-02	1121	30978	2.31118e-02	rs74588504	2.95165e-02	4229	143276	-	-	-	-	-	-	-	-	-	-	chr12_98639882_A_C	0.011364	-	-	-	-
chr12_98641846_G_A	chr12:98641846	A	ENSG00000166130	ENST00000299157	Transcript	intron_variant	-	-	-	-	-	rs77976381	MODIFIER	-	-1	-	1	SNV	IKBIP	HGNC	HGNC:26430	protein_coding	YES	-	1	P4	CCDS9068.1	ENSP00000299157	Q70UQ0	-	UPI0000070C12	-	-	-	-	-	1/2	-	-	ENST00000299157.5:c.179+2677C>T	-	-	0.0633	0.0242	0.0965	0.1498	0.0308	0.0368	-	-	-	-	-	-	-	-	-	-	-	0.1498	EAS	-	-	-	-	-	-	-	-	0.460	chr12:98641846-98641846	0.68222	rs77976381	3.61715e-02	1119	30936	2.31395e-02	rs77976381	2.94681e-02	4218	143138	-	-	-	-	-	-	-	-	-	-	chr12_98641846_G_A	0.011364	-	-	-	-
chr12_98641846_G_A	chr12:98641846	A	ENSG00000120868	ENST00000551964	Transcript	upstream_gene_variant	-	-	-	-	-	rs77976381	MODIFIER	3295	1	-	1	SNV	APAF1	HGNC	HGNC:576	protein_coding	YES	-	1	P4	CCDS9069.1	ENSP00000448165	O14727	-	UPI0000036328	-	-	-	-	-	-	-	-	-	-	-	0.0633	0.0242	0.0965	0.1498	0.0308	0.0368	-	-	-	-	-	-	-	-	-	-	-	0.1498	EAS	-	-	-	-	-	-	-	-	0.460	chr12:98641846-98641846	0.68222	rs77976381	3.61715e-02	1119	30936	2.31395e-02	rs77976381	2.94681e-02	4218	143138	-	-	-	-	-	-	-	-	-	-	chr12_98641846_G_A	0.011364	-	-	-	-
chr12_98645405_G_A	chr12:98645405	A	ENSG00000166130	ENST00000299157	Transcript	upstream_gene_variant	-	-	-	-	-	rs74619561	MODIFIER	617	-1	-	1	SNV	IKBIP	HGNC	HGNC:26430	protein_coding	YES	-	1	P4	CCDS9068.1	ENSP00000299157	Q70UQ0	-	UPI0000070C12	-	-	-	-	-	-	-	-	-	-	-	0.0649	0.0303	0.0965	0.1498	0.0308	0.0368	-	-	-	-	-	-	-	-	-	-	-	0.1498	EAS	-	-	-	-	-	-	-	-	-0.632	-	-	rs74619561	3.66613e-02	1131	30850	2.30800e-02	rs74619561	2.98967e-02	4283	143260	-	-	-	-	-	-	-	-	-	-	chr12_98645405_G_A	0.011364	-	-	-	-
chr12_98645405_G_A	chr12:98645405	A	ENSG00000120868	ENST00000551964	Transcript	5_prime_UTR_variant	265	-	-	-	-	rs74619561	MODIFIER	-	1	-	1	SNV	APAF1	HGNC	HGNC:576	protein_coding	YES	-	1	P4	CCDS9069.1	ENSP00000448165	O14727	-	UPI0000036328	-	-	-	-	1/27	-	-	-	ENST00000551964.5:c.-472G>A	-	-	0.0649	0.0303	0.0965	0.1498	0.0308	0.0368	-	-	-	-	-	-	-	-	-	-	-	0.1498	EAS	-	-	-	-	-	-	-	-	-0.632	-	-	rs74619561	3.66613e-02	1131	30850	2.30800e-02	rs74619561	2.98967e-02	4283	143260	-	-	-	-	-	-	-	-	-	-	chr12_98645405_G_A	0.011364	-	-	-	-
chr12_98645405_G_A	chr12:98645405	A	-	ENSR00000056141	RegulatoryFeature	regulatory_region_variant	-	-	-	-	-	rs74619561	MODIFIER	-	-	-	1	SNV	-	-	-	promoter	-	-	-	-	-	-	-	-	-	-	-	-	-	-	-	-	-	-	-	-	0.0649	0.0303	0.0965	0.1498	0.0308	0.0368	-	-	-	-	-	-	-	-	-	-	-	0.1498	EAS	-	-	-	-	-	-	-	-	-0.632	-	-	rs74619561	3.66613e-02	1131	30850	2.30800e-02	rs74619561	2.98967e-02	4283	143260	-	-	-	-	-	-	-	-	-	-	chr12_98645405_G_A	0.011364	-	-	-	-
chr12_98645405_G_A	chr12:98645405	A	-	ENSM00011734605	MotifFeature	TF_binding_site_variant	-	-	-	-	-	rs74619561	MODIFIER	-	-1	-	1	SNV	-	-	-	-	-	-	-	-	-	-	-	-	-	-	-	-	-	-	-	-	-	-	-	-	0.0649	0.0303	0.0965	0.1498	0.0308	0.0368	-	-	-	-	-	-	-	-	-	-	-	0.1498	EAS	-	-	-	-	ENSM00011734605	15	N	0.010	-0.632	-	-	rs74619561	3.66613e-02	1131	30850	2.30800e-02	rs74619561	2.98967e-02	4283	143260	-	-	-	-	-	-	-	-	-	-	chr12_98645405_G_A	0.011364	-	-	-	-
chr12_98645405_G_A	chr12:98645405	A	-	ENSM00011141819	MotifFeature	TF_binding_site_variant	-	-	-	-	-	rs74619561	MODIFIER	-	-1	-	1	SNV	-	-	-	-	-	-	-	-	-	-	-	-	-	-	-	-	-	-	-	-	-	-	-	-	0.0649	0.0303	0.0965	0.1498	0.0308	0.0368	-	-	-	-	-	-	-	-	-	-	-	0.1498	EAS	-	-	-	-	ENSM00011141819	15	N	-0.021	-0.632	-	-	rs74619561	3.66613e-02	1131	30850	2.30800e-02	rs74619561	2.98967e-02	4283	143260	-	-	-	-	-	-	-	-	-	-	chr12_98645405_G_A	0.011364	-	-	-	-
chr12_98652635_A_T	chr12:98652635	T	ENSG00000120868	ENST00000551964	Transcript	intron_variant	-	-	-	-	-	rs117466473	MODIFIER	-	1	-	1	SNV	APAF1	HGNC	HGNC:576	protein_coding	YES	-	1	P4	CCDS9069.1	ENSP00000448165	O14727	-	UPI0000036328	-	-	-	-	-	4/26	-	-	ENST00000551964.5:c.526+2951A>T	-	-	0.0619	0.0303	0.0965	0.1359	0.0318	0.0348	-	-	-	-	-	-	-	-	-	-	-	0.1359	EAS	-	-	-	-	-	-	-	-	-0.795	chr12:98652635-98652635	0.61691	rs117466473	3.33265e-02	981	29436	2.25611e-02	chr12:98652635-98652635	2.98734e-02	4172	139656	-	-	-	-	-	-	-	-	-	-	chr12_98652635_A_T	0.011364	-	-	-	-
chr12_98836201_T_C	chr12:98836201	C	ENSG00000185046	ENST00000547776	Transcript	intron_variant	-	-	-	-	-	rs17028726	MODIFIER	-	-1	-	1	SNV	ANKS1B	HGNC	HGNC:24600	protein_coding	YES	-	1	P1	CCDS55872.1	ENSP00000449629	Q7Z6G8	-	UPI00003FE521	-	-	-	-	-	17/25	-	-	ENST00000547776.6:c.2779-4065A>G	-	-	0.0559	0.152	0.0259	0.002	0.0229	0.0368	-	-	-	-	-	-	-	-	-	-	-	0.152	AFR	-	-	-	-	-	-	-	-	-1.810	chr12:98836201-98836201	0.63387	rs17028726	5.10949e-02	1582	30962	1.92513e-02	rs17028726	5.66392e-02	8113	143240	-	-	-	-	-	-	-	-	-	-	chr12_98836201_T_C	0.022727	-	-	-	-
chr15_101379408_C_T	chr15:101379408	T	ENSG00000140479	ENST00000611716	Transcript	intron_variant	-	-	-	-	-	rs117756425	MODIFIER	-	-1	-	1	SNV	PCSK6	HGNC	HGNC:8569	protein_coding	YES	-	1	P4	CCDS73790.1	ENSP00000482760	P29122	-	UPI00001311D0	-	-	-	-	-	11/21	-	-	ENST00000611716.5:c.1532+2684G>A	-	-	0.0212	0.003	0.0331	0	0.0736	0.0051	-	-	-	-	-	-	-	-	-	-	-	0.0736	EUR	-	-	-	-	-	-	-	-	-1.280	-	-	rs117756425	6.50966e-02	2015	30954	8.08647e-02	rs117756425	5.48244e-02	7857	143312	-	-	-	-	-	-	-	-	-	-	chr15_101379408_C_T	0.090909	-	-	-	-
chr16_72923103_T_C	chr16:72923103	C	ENSG00000140836	ENST00000641206	Transcript	intron_variant	-	-	-	-	-	rs191183039	MODIFIER	-	-1	-	1	SNV	ZFHX3	HGNC	HGNC:777	protein_coding	YES	-	-	P1	CCDS10908.1	ENSP00000493252	Q15911	-	UPI00001AE937	-	1	-	-	-	11/17	-	-	ENST00000641206.2:c.3216+27366A>G	-	-	0.0016	0	0.0014	0	0.006	0.001	-	-	-	-	-	-	-	-	-	-	-	0.006	EUR	-	-	-	-	-	-	-	-	-4.360	-	-	rs191183039	3.19644e-03	99	30972	5.59701e-03	rs191183039	3.85796e-03	553	143340	-	-	-	-	-	-	-	-	-	-	-	-	-	-	-	-
